Winona Ryder,knows,Kirsten Dunst
Winona Ryder,knows,Jeanne Tripplehorn
Winona Ryder,knows,Cher
Winona Ryder,knows,Angelina Jolie
Winona Ryder,knows,Christian Slater
Winona Ryder,knows,Ben Stiller
Winona Ryder,knows,Claire Danes
Winona Ryder,knows,Wilmer Valderrama
Winona Ryder,knows,Johnny Depp
Winona Ryder,knows,Charlie Sheen
Winona Ryder,knows,Winona Ryder
Winona Ryder,knows,Robert Downey Jr.
Winona Ryder,knows,Robert Sean Leonard
Winona Ryder,knows,Charlize Theron
Winona Ryder,knows,Juliette Lewis
Winona Ryder,knows,Janeane Garofalo
Winona Ryder,knows,Leonardo DiCaprio
Winona Ryder,knows,Jared Leto
Winona Ryder,knows,Kenneth Branagh
